{
  "spectral_centroid": 1797.5234237426573,
  "spectral_spread": 1897.5188617018853,
  "spectral_rolloff_85": 922.6368172259955,
  "spectral_rolloff_95": 1895.1599904229465,
  "spectral_entropy": 13.45066130846995,
  "rms_energy": 0.10000000215402924,
  "zero_crossing_rate": 0.12908196378229234,
  "fundamental_frequency": 398.06385351565154,
  "periodicity_strength": 0.4038921141553829,
  "spectral_flux": 4.910987965438126e-10,
  "frequency_stability": 5.236131166164292e-10,
  "dominant_frequencies": [
    220.11005502751377,
    272.13606803401706,
    452.2261130565283,
    384.19209604802404,
    320.16008004002003
  ],
  "frequency_band_energies": {
    "very_low": 9287065.7622487,
    "low": 14502453.910227014,
    "mid_low": 10039711.800212616,
    "mid": 3651296.0247047697,
    "mid_high": 571379.2794132882,
    "high": 360367.29605593387,
    "very_high": 665983.7896732568
  },
  "group_label": "adult_female",
  "dominant_amplitudes": [
    105.63984676235212,
    88.95723018990752,
    78.3878983749172,
    71.89181525197314,
    66.88327037472992
  ],
  "n_files": 101
}