{
  "spectral_centroid": 1784.3132294098202,
  "spectral_spread": 1711.6952325265179,
  "spectral_rolloff_85": 1181.7749650480228,
  "spectral_rolloff_95": 2212.7211283801394,
  "spectral_entropy": 13.637371662199303,
  "rms_energy": 0.1000000005514603,
  "zero_crossing_rate": 0.13036356103890084,
  "fundamental_frequency": 381.38681896082846,
  "periodicity_strength": 0.38381297495213257,
  "spectral_flux": 4.863963187678273e-10,
  "frequency_stability": 5.125390157832013e-10,
  "dominant_frequencies": [
    524.2621310655328,
    252.12606303151577,
    572.2861430715358,
    296.14807403701855,
    620.3101550775389
  ],
  "frequency_band_energies": {
    "very_low": 2368010.2337359446,
    "low": 12533674.17127973,
    "mid_low": 20772742.46052939,
    "mid": 4488928.088154249,
    "mid_high": 1266516.0080521123,
    "high": 869879.2616048265,
    "very_high": 1064653.2872070128
  },
  "group_label": "child_boy",
  "dominant_amplitudes": [
    91.93610706846634,
    91.02339963183321,
    84.55945974210738,
    83.92418580509792,
    76.15621915644297
  ],
  "n_files": 127
}