{
  "spectral_centroid": 1664.0177963045367,
  "spectral_spread": 1784.1180134913393,
  "spectral_rolloff_85": 927.8611581576354,
  "spectral_rolloff_95": 1938.2483931266515,
  "spectral_entropy": 13.015493939379615,
  "rms_energy": 0.10000000141707122,
  "zero_crossing_rate": 0.12672367912866198,
  "fundamental_frequency": 449.02936941498444,
  "periodicity_strength": 0.247531910171075,
  "spectral_flux": 3.05693954944246e-10,
  "frequency_stability": 3.2752082150736694e-10,
  "dominant_frequencies": [
    432.216108054027,
    388.19409704852427,
    336.16808404202106,
    484.2421210605303,
    128.064032016008
  ],
  "frequency_band_energies": {
    "very_low": 5290156.928850963,
    "low": 9548455.06481176,
    "mid_low": 4171132.272228661,
    "mid": 1599335.7684562886,
    "mid_high": 563322.0576140528,
    "high": 247659.50793707487,
    "very_high": 575500.0906500047
  },
  "group_label": "adult_male",
  "dominant_amplitudes": [
    80.55854044737968,
    78.25455234569539,
    77.37347309349241,
    77.11662335280757,
    74.90778533793693
  ],
  "n_files": 102
}