{
  "spectral_centroid": 1784.8692053318719,
  "spectral_spread": 1726.0751121879093,
  "spectral_rolloff_85": 1134.8105746210415,
  "spectral_rolloff_95": 2110.869740073287,
  "spectral_entropy": 13.8061824638029,
  "rms_energy": 0.10000000031679634,
  "zero_crossing_rate": 0.1346544636812543,
  "fundamental_frequency": 314.40213785026924,
  "periodicity_strength": 0.3516573144350932,
  "spectral_flux": 5.013052403688329e-10,
  "frequency_stability": 5.255890005872132e-10,
  "dominant_frequencies": [
    536.2681340670335,
    276.1380690345173,
    596.2981490745373,
    656.3281640820411,
    332.1660830415208
  ],
  "frequency_band_energies": {
    "very_low": 2165251.4143743976,
    "low": 14815686.004343474,
    "mid_low": 21690494.327551037,
    "mid": 5422471.94486631,
    "mid_high": 1619059.9681722568,
    "high": 772783.6300588591,
    "very_high": 866111.119444062
  },
  "group_label": "child_girl",
  "dominant_amplitudes": [
    97.53743257964588,
    92.72542694575954,
    78.54839275146078,
    73.96700928823965,
    73.96403005438489
  ],
  "n_files": 127
}